[-2.2226784076436883,-4.666809130896389],[-2.2226784075994472,-4.666809130869057],[5.67087661604252,2.1731156030589687],[-17.367466059654465,10.39879730100009],[nan,nan],[-4.070182054305974,15.09386915909869],[-13.264173540877394,20.93623443828449],[0.2435186685790441,2.1485657790416712e-05],[-3.5639001917530733,-0.005689812821771584],[-3.5639001917519972,-0.00568981282105571],[-3.5639001917523268,-0.005689812821216847],[-3.563900191754001,-0.005689812822066784],[-3.5639001917534787,-0.005689812821897807],[-3.5639001917548185,-0.005689812822927991],[-3.5639001917527513,-0.005689812821710405],[-3.563900191752994,-0.00568981282234623],[-3.5639001917516384,-0.005689812820667223],[-3.563900191753937,-0.005689812822396158],[-3.5639001917530653,-0.00568981282113454],[-3.5639001917519417,-0.005689812821041524],[-3.563900191752582,-0.005689812821330965],[4.904964537183384,20.50614071136442],[nan,nan],[33.95223024786916,19.429780946218607],[-4.0002544863409755,-15.0887004875376],[1.3005432894019868,1.1902689971257367],[2.8651703546393157,0.005161170183004145],[-2.208943038362426,4.642164100671096],[-2.208943038389088,4.642164100664545],[-2.2089430383652826,4.642164100670398],[-2.2089430383748674,4.64216410066804]
[-2.2226784075824133,-4.666809130858648],[-2.2226784076261166,-4.666809130885933],[14.997993026108253,27.31852639615415],[0.42445300071334335,54.23564139350462],[-2.2089430383693274,4.642164100669377],[1.3005432894019926,1.1902689971257392],[-2.208943038383816,4.642164100665834],[-18.737293054271873,-0.028763819565346228],[-0.47180732796991,-0.0009884150952217217],[-9.731902746619157,-0.015112016779992042],[-3.5639001917529654,-0.005689812821590421],[-3.563900191751501,-0.005689812820889654],[-3.5639001917516433,-0.005689812821544649],[-3.563900191751303,-0.005689812820787634],[-3.5639001917526896,-0.005689812821428434],[-3.563900191752343,-0.005689812821918254],[-3.5639001917525484,-0.005689812821197405],[-3.563900191753038,-0.005689812822030436],[-3.5639001917530204,-0.00568981282179212],[-3.5639001917522783,-0.005689812820870903],[-3.5639001917516353,-0.0056898128211669684],[nan,nan],[3.124493840656984,7.933895038532304],[1.3005432894019964,1.190268997125734],[-122.80977931394149,-198.01419400170587],[nan,nan],[2.865170354639149,0.0051611701829833235],[-2.2089430383812982,4.642164100666485],[-2.208943038379996,4.642164100666788],[-2.208943038388929,4.642164100664593],[-2.20894303837507,4.642164100667967]
[-2.222678407608864,-4.666809130875095],[-2.222678407563648,-4.666809130847257],[-4.000254367451532,-15.088700396614724],[-3.758045032094463,61.06347003113747],[8.235989293010629,0.011988216169173416],[1.3005432894020121,1.1902689971257256],[-111.7793339099759,-118.79223885538066],[-0.4718073279699086,-0.0009884150952211071],[-0.47180732796990965,-0.0009884150952216805],[-0.471807327969909,-0.0009884150952211017],[-82.27253678116111,179.6453829801996],[-3.563900191751102,-0.005689812820281369],[-3.5639001917530373,-0.0056898128217979255],[-3.5639001917514075,-0.0056898128206402],[-3.563900191753729,-0.005689812822341797],[-3.563900191753055,-0.0056898128216250655],[-3.563900191753795,-0.005689812822425862],[-3.563900191751748,-0.00568981282047168],[-3.5639001917520523,-0.0056898128209661395],[-3.5639001917526167,-0.00568981282128685],[-3.563900191753478,-0.005689812822305644],[16.510876408526343,0.006551822623471798],[1.300543289402008,1.1902689971257199],[19.34862630227979,-18.658964107979354],[33.03750655963807,7.744932890697821],[8.235989293008869,0.011988216169400611],[-2.2089430383822783,4.642164100666195],[-2.208943038365725,4.642164100670296],[-2.208943038386021,4.642164100665299],[-2.2089430383960647,4.642164100662837],[-2.2089430383749926,4.642164100668008]
[-2.2226784076236763,-4.66680913088429],[-2.2226784076107196,-4.666809130876321],[9.283278749804158,-14.001211466832693],[14.997993266200483,27.318526334928272],[1.3005432894020095,1.1902689971257272],[27.06765249038482,0.5908842655620007],[-0.47180732796991304,-0.0009884150952243309],[-0.47180732796991115,-0.0009884150952232343],[-0.47180732796991004,-0.000988415095222055],[-0.4718073279699082,-0.000988415095220592],[-0.4718073279699108,-0.0009884150952224645],[16.51087640843591,0.006551822627017197],[-3.563900191753423,-0.005689812822307156],[-3.5639001917529827,-0.0056898128218889205],[-3.563900191753145,-0.005689812821414419],[-3.5639001917515523,-0.005689812821824898],[-3.563900191751446,-0.005689812820745295],[-3.563900191751093,-0.0056898128205902735],[-3.5639001917529765,-0.005689812821399543],[-3.563900191752502,-0.005689812820874011],[-3.563900191751133,-0.005689812820631472],[12.85823748118491,3.249247734698758],[1.3005432894019622,1.1902689971257534],[1.3005432894020383,1.1902689971257052],[8.235989293017575,0.011988216169152499],[2.8651703546391243,0.0051611701829981935],[1.300543289402019,1.1902689971257223],[-2.2089430383791147,4.642164100666975],[-2.208943038373912,4.642164100668255],[-2.2089430383763995,4.642164100667628],[-2.208943038391465,4.6421641006639485]
[-2.222678407578677,-4.666809130856316],[-2.2226784075954886,-4.666809130866647],[-2.222678407630088,-4.666809130888354],[-8.3052346484406,-7.54634885664968],[5.318191670408859,-3.59519538244979],[-0.4718073279699078,-0.0009884150952204547],[5.670876616043256,2.173115603058325],[1.3005432894019975,1.1902689971257283],[-3.5639001917524173,-0.005689812821266814],[-0.47180732796990993,-0.0009884150952217],[-0.47180732796990915,-0.0009884150952212396],[-0.471807327969911,-0.000988415095222924],[-3.5639001917529813,-0.005689812821899066],[-3.5639001917529463,-0.005689812822175181],[-3.5639001917535054,-0.005689812821977305],[-3.563900191752506,-0.0056898128207189475],[-3.563900191752685,-0.005689812821293957],[-3.563900191753016,-0.005689812821907226],[-3.563900191752926,-0.005689812821772765],[-3.56390019175223,-0.005689812821352535],[-3.5639001917523547,-0.005689812821143396],[-3.563900191753042,-0.005689812821765886],[0.24351866857904492,2.1485657790408238e-05],[12.507703514063993,-5.37693856033418],[1.3005432894019757,1.1902689971257465],[1.30054328940202,1.1902689971257194],[1.3005432894019917,1.190268997125727],[-333.11579176950016,-270.8473953169471],[-2.2089430383597533,4.642164100671758],[-2.208943038392345,4.642164100663766],[-2.208943038366005,4.6421641006701915]
[-2.2226784075397696,-4.666809130832186],[-2.222678407601229,-4.666809130870082],[-2.2226784076504127,-4.666809130900853],[-2.2226784075881505,-4.666809130861851],[-2.222678407560332,-4.6668091308450865],[181.16351227110292,105.2988240220581],[0.9713164174614739,-1.8243204156791681],[0.9713164174613063,-1.8243204156794324],[0.971316417461408,-1.8243204156792525],[0.9713164174614118,-1.8243204156792985],[0.9713164174615276,-1.8243204156790886],[-0.47180732796991054,-0.0009884150952227623],[33.03750655228232,7.744932828107733],[12.50770351441628,-5.376938558662859],[12.858237481204565,3.2492477346998148],[16.510876408427922,0.006551822629643812],[84.39012378870262,-40.514600201456055],[-127.88889149337383,-40.61151948475772],[-17.283727127874652,-10.437778591370318],[-8.305234654315171,-7.546348858889681],[-3.5639001917533393,-0.005689812822362163],[0.9713164174613734,-1.824320415679364],[-0.4718073279699094,-0.0009884150952211665],[-0.4718073279699097,-0.0009884150952217243],[1.3005432894020263,1.190268997125708],[1.300543289401995,1.1902689971257392],[1.3005432894019688,1.1902689971257434],[-18.737293033499515,-0.02876379619169466],[-2.2089430383635578,4.642164100670848],[-2.2089430383725808,4.642164100668568],[-2.2089430383635835,4.642164100670786]
[-2.2226784075707484,-4.666809130851899],[-2.2226784075803154,-4.66680913085764],[-2.2226784075990413,-4.6668091308690585],[-2.2226784075809194,-4.6668091308578425],[-2.2226784075578268,-4.666809130843386],[-3.5639001917531417,-0.005689812822369722],[2.0892911840239288,-9.339887245703423],[9.283278697566598,-14.001211563433055],[-4.070182003955376,15.093869164330053],[-2.2089430383796924,4.642164100666871],[-3.563900191752646,-0.005689812821913973],[-0.47180732796991,-0.000988415095222843],[-0.4718073279699101,-0.0009884150952221555],[-0.4718073279699103,-0.0009884150952230422],[0.24351866857904392,2.1485657790442197e-05],[0.243518668579044,2.1485657790424837e-05],[1.3005432894020323,1.1902689971257117],[1.3005432894020095,1.190268997125716],[-9.731902746449828,-0.015112016761167413],[3.1244938407667884,7.933895038509569],[-26.95061511540192,-45.57200439508135],[-1288.1219149651101,2772.69801590217],[-2.2226784075923174,-4.666809130864677],[0.9713164174614715,-1.8243204156791804],[-0.4718073279699094,-0.000988415095221163],[1.3005432894019637,1.1902689971257514],[1.3005432894020057,1.1902689971257292],[8.235989293015404,0.011988216168683775],[-2.2089430383860096,4.642164100665267],[-2.208943038374868,4.642164100668047],[-2.2089430383868685,4.642164100665094]
[-2.222678407617363,-4.666809130880472],[-2.2226784076278836,-4.66680913088681],[-2.2226784075926598,-4.666809130865253],[-2.222678407610037,-4.666809130875673],[-4.00025452657171,-15.088700518268164],[-6.115174267240391,186.326526151967],[3.124493840700014,7.933895038523416],[-2.2089430383715762,4.642164100668823],[-12.968602160488082,-20.849530499294456],[5.3181916704109895,-3.595195382442332],[-0.47180732796991015,-0.000988415095222843],[-0.471807327969909,-0.0009884150952212312],[-0.47180732796990926,-0.0009884150952219003],[-0.47180732796990976,-0.0009884150952217262],[-0.4718073279699102,-0.0009884150952221846],[-0.4718073279699103,-0.0009884150952219905],[0.24351866857904525,2.1485657790335996e-05],[5.670876616041922,2.1731156030589474],[1.3005432894020053,1.1902689971257188],[2.8651703546390763,0.005161170182995559],[1.3005432894020121,1.1902689971257303],[-17.283727214026612,-10.437778613533661],[37.976284492738486,57.50136840438072],[3.124493840646593,7.933895038534495],[54.31348770840713,67.87803010261757],[-0.4718073279699102,-0.0009884150952220398],[1.3005432894020066,1.1902689971257263],[12.507703513760957,-5.376938561786267],[-2.2089430384034214,4.6421641006610015],[-2.2089430383658875,4.642164100670261],[-2.208943038366912,4.642164100669984]
[-2.222678407621792,-4.666809130883057],[-2.2226784075958768,-4.66680913086736],[-4.0002545437285875,-15.088700531391142],[72.82925680081142,222.40874748987028],[3.1244938407652567,7.933895038509838],[8.235989293010784,0.011988216169086881],[1.300543289401989,1.1902689971257412],[1.3005432894019442,1.1902689971257592],[0.24351866857904567,2.1485657790363986e-05],[-0.4718073279699107,-0.000988415095222217],[-0.471807327969911,-0.0009884150952226493],[-0.47180732796991165,-0.0009884150952234327],[-0.4718073279699095,-0.0009884150952218318],[-0.4718073279699093,-0.0009884150952220597],[-0.4718073279699098,-0.0009884150952215827],[-0.4718073279699099,-0.0009884150952217121],[-0.4718073279699096,-0.000988415095221839],[2.8651703546391363,0.005161170182993276],[2.8651703546388956,0.005161170183013528],[1.3005432894020146,1.19026899712573],[8.235989293028455,0.0119882161697188],[-2.208943038394535,4.642164100663205],[-29.15519348702261,13.237931732835326],[8.235989293034386,0.01198821616900447],[5.67087661604186,2.1731156030581418],[-3.563900191751841,-0.005689812820394076],[2.8651703546391403,0.005161170182992104],[-2.2089430383862494,4.6421641006652195],[-2.208943038353937,4.6421641006731935],[-2.2089430383586186,4.6421641006720336],[-2.2089430383579027,4.642164100672202]
[-2.2226784076215904,-4.666809130883149],[46.30875242370212,-34.09104966329785],[1.3005432894019786,1.1902689971257463],[33.03750654894307,7.744932818672852],[1.300543289402001,1.1902689971257236],[1.3005432894019535,1.1902689971257574],[0.2435186685790451,2.1485657790316352e-05],[-0.47180732796991115,-0.0009884150952226016],[-0.47180732796990926,-0.0009884150952219736],[-0.47180732796990993,-0.0009884150952223416],[-0.47180732796991154,-0.0009884150952233365],[-0.47180732796990804,-0.0009884150952203772],[-0.4718073279699102,-0.00098841509522189],[-0.4718073279699092,-0.0009884150952216926],[-0.47180732796990965,-0.0009884150952222883],[-0.47180732796991004,-0.0009884150952220911],[-0.4718073279699101,-0.0009884150952222215],[0.24351866857904567,2.1485657790334648e-05],[1.3005432894020077,1.1902689971257332],[1.3005432894020312,1.190268997125715],[1.3005432894020064,1.1902689971257228],[1.300543289401979,1.1902689971257472],[2.8651703546390475,0.005161170183014008],[2.8651703546390803,0.005161170183011003],[2.8651703546390483,0.005161170182977582],[1.3005432894019646,1.190268997125754],[1.3005432894020184,1.190268997125721],[5.318191670414277,-3.595195382431349],[3.1244938407757883,7.933895038507714],[-2.2089430383593442,4.642164100671798],[-2.2089430383814355,4.64216410066641]
[33.952229357986056,19.429781456064134],[5.670876616041499,2.1731156030597054],[2.865170354639057,0.005161170182986205],[1.3005432894020172,1.1902689971257274],[0.24351866857904572,2.1485657790399124e-05],[0.2435186685790436,2.148565779050465e-05],[-0.47180732796991026,-0.0009884150952225038],[-0.4718073279699106,-0.000988415095222297],[-0.47180732796990993,-0.0009884150952219994],[-0.47180732796990954,-0.0009884150952212888],[-0.47180732796990954,-0.000988415095221716],[-0.47180732796991076,-0.0009884150952222755],[-0.47180732796991076,-0.0009884150952223709],[-0.4718073279699088,-0.000988415095221203],[-0.4718073279699105,-0.0009884150952223733],[-0.47180732796990715,-0.0009884150952196751],[-0.4718073279699094,-0.0009884150952215699],[-0.47180732796991015,-0.0009884150952227321],[-9.760705385313633,-0.023253485712397146],[1.3005432894020197,1.1902689971257134],[1.3005432894019577,1.1902689971257432],[1.3005432894020073,1.1902689971257252],[1.3005432894020148,1.1902689971257305],[1.30054328940201,1.190268997125715],[1.3005432894020272,1.1902689971257232],[1.300543289402036,1.1902689971257077],[1.3005432894020368,1.1902689971257028],[23.086794468869527,4.194117792595534],[5.318191670404253,-3.5951953824615344],[-13.264171186531023,20.93623517154202],[67.04159993105444,14.529094161086483]
[2.8651703546391207,0.005161170182998633],[2.865170354639209,0.005161170182982476],[1.3005432894020093,1.1902689971257236],[5.670876616041624,2.17311560305899],[2.0892911845795834,-9.339887245018405],[0.9713164174613177,-1.8243204156794215],[0.24351866857904558,2.148565779029557e-05],[0.24351866857904528,2.1485657790375617e-05],[8.235989293022685,0.011988216169482379],[-0.4718073279699118,-0.000988415095223201],[-0.47180732796990993,-0.0009884150952222837],[-0.4718073279699098,-0.0009884150952215811],[-0.47180732796991004,-0.0009884150952218832],[-0.47180732796991026,-0.000988415095222084],[-0.47180732796990843,-0.0009884150952207535],[-0.47180732796991015,-0.000988415095222391],[-0.47180732796991065,-0.0009884150952233367],[-0.4718073279699108,-0.0009884150952226022],[-0.4718073279699086,-0.0009884150952208523],[1.3005432894020257,1.1902689971257092],[1.3005432894019664,1.190268997125746],[1.3005432894019813,1.190268997125745],[1.3005432894020243,1.1902689971257192],[1.3005432894020132,1.1902689971257188],[1.3005432894019942,1.1902689971257299],[1.3005432894019824,1.190268997125741],[1.3005432894020048,1.190268997125729],[1.3005432894019888,1.1902689971257314],[2.8651703546389795,0.005161170183026025],[8.23598929302281,0.011988216168984505],[-68.88146494158052,67.52832738499772]
[0.9713164174616845,-1.8243204156788362],[0.9713164174614398,-1.8243204156792283],[0.9713164174613772,-1.824320415679298],[0.9713164174617535,-1.824320415678712],[0.9713164174613877,-1.8243204156793462],[0.9713164174618242,-1.824320415678614],[0.9713164174616877,-1.8243204156788493],[1.3005432894020141,1.190268997125713],[0.24351866857904444,2.148565779044436e-05],[0.24351866857904422,2.1485657790405866e-05],[-3.5639001917514337,-0.005689812820625937],[-0.47180732796990976,-0.0009884150952213563],[-0.4718073279699096,-0.0009884150952217134],[-0.4718073279699109,-0.0009884150952225977],[-0.47180732796990904,-0.0009884150952213964],[-0.4718073279699112,-0.0009884150952230463],[-0.47180732796991065,-0.0009884150952226604],[-2.208943038390064,4.642164100664324],[-0.47180732796990976,-0.000988415095222],[1.3005432894019862,1.1902689971257387],[1.300543289401975,1.1902689971257492],[1.3005432894020097,1.1902689971257208],[1.3005432894020181,1.190268997125708],[1.3005432894019653,1.190268997125753],[1.3005432894019868,1.1902689971257367],[1.3005432894019504,1.1902689971257496],[1.3005432894019975,1.1902689971257279],[1.3005432894019926,1.1902689971257303],[-8.345683832365914,7.526992528281521],[2.86517035463902,0.0051611701830126195],[12.50770351459112,-5.376938557816694]
[0.9713164174614368,-1.824320415679243],[0.9713164174618422,-1.8243204156786008],[0.9713164174615756,-1.824320415678993],[0.9713164174615945,-1.8243204156789699],[0.971316417461313,-1.8243204156794393],[0.971316417461329,-1.8243204156793889],[0.9713164174615612,-1.8243204156790256],[0.9713164174617702,-1.82432041567873],[0.9713164174618495,-1.8243204156785713],[2.0892911852494804,-9.339887244196758],[1.300543289402031,1.1902689971257092],[0.24351866857904486,2.1485657790443793e-05],[-0.47180732796990893,-0.0009884150952215332],[-0.4718073279699095,-0.0009884150952213073],[-0.4718073279699099,-0.0009884150952219717],[-0.47180732796990993,-0.000988415095221752],[-0.4718073279699109,-0.0009884150952224776],[0.24351866857904578,2.1485657790298178e-05],[-0.47180732796991093,-0.0009884150952232697],[1.3005432894020457,1.1902689971256997],[1.3005432894020126,1.19026899712572],[1.300543289402015,1.1902689971257245],[1.3005432894019964,1.190268997125734],[1.3005432894020148,1.1902689971257183],[1.300543289402009,1.1902689971257345],[1.3005432894019975,1.190268997125729],[1.3005432894020272,1.1902689971257199],[1.3005432894019964,1.1902689971257359],[2.8651703546391687,0.005161170183015134],[2.865170354639101,0.0051611701829919285],[8.235989293045689,0.011988216168970578]
[0.9713164174618965,-1.8243204156784985],[0.9713164174610706,-1.8243204156798276],[0.9713164174614859,-1.8243204156791522],[0.9713164174617469,-1.8243204156787265],[0.9713164174614975,-1.8243204156791621],[0.9713164174613436,-1.8243204156793795],[0.9713164174615158,-1.8243204156790909],[0.9713164174617122,-1.8243204156788115],[0.9713164174614818,-1.8243204156791692],[12.858237481185999,3.2492477347466693],[4.904964633950995,20.5061406975052],[-0.4718073279699115,-0.0009884150952232103],[0.2435186685790436,2.1485657790504668e-05],[0.24351866857904506,2.1485657790448672e-05],[-0.47180732796991,-0.0009884150952218919],[-0.4718073279699117,-0.000988415095223403],[-0.4718073279699117,-0.0009884150952233345],[0.24351866857904356,2.1485657790416868e-05],[1.3005432894019893,1.1902689971257432],[1.3005432894020006,1.1902689971257376],[1.3005432894019773,1.1902689971257376],[1.3005432894019664,1.190268997125742],[1.3005432894020055,1.1902689971257214],[1.3005432894019937,1.190268997125734],[1.3005432894019633,1.1902689971257512],[1.3005432894020017,1.1902689971257316],[1.30054328940199,1.19026899712574],[2.865170354638943,0.005161170182995551],[2.865170354639226,0.005161170183014569],[8.235989293018987,0.011988216169220906],[8.23598929302368,0.011988216169443157]
[0.9713164174613538,-1.8243204156793789],[0.9713164174613675,-1.824320415679344],[0.9713164174614444,-1.8243204156792312],[0.9713164174617478,-1.824320415678751],[0.971316417461538,-1.8243204156790647],[0.9713164174613146,-1.8243204156794308],[0.9713164174617183,-1.8243204156788195],[0.9713164174613761,-1.8243204156793247],[0.9713164174615495,-1.8243204156790507],[0.9713164174612914,-1.824320415679504],[3.1244938409041145,7.933895038481071],[1.3005432894019786,1.1902689971257439],[0.24351866857904372,2.148565779039826e-05],[0.2435186685790438,2.148565779050628e-05],[22.575313297663858,-7.169165930577437],[0.2435186685790434,2.1485657790506714e-05],[0.24351866857904356,2.1485657790443576e-05],[-0.47180732796990976,-0.0009884150952216065],[-24.52587115790793,-26.49070807952001],[1.3005432894019646,1.1902689971257514],[1.3005432894020048,1.190268997125729],[1.3005432894019728,1.19026899712575],[1.3005432894019784,1.190268997125741],[1.3005432894020081,1.1902689971257336],[1.3005432894020266,1.1902689971257212],[1.3005432894019844,1.1902689971257416],[2.8651703546391025,0.005161170183002874],[5.318191670412014,-3.595195382436901],[12.507703514538473,-5.376938558065567],[nan,nan],[8.235989293020637,0.011988216169127763]
[0.9713164174616442,-1.8243204156788948],[0.971316417461474,-1.824320415679195],[0.9713164174620125,-1.824320415678326],[0.9713164174614303,-1.824320415679255],[0.9713164174614355,-1.8243204156792232],[0.9713164174618244,-1.8243204156785826],[0.9713164174613446,-1.8243204156793822],[0.9713164174615027,-1.82432041567914],[0.9713164174617649,-1.8243204156786814],[0.9713164174613923,-1.8243204156793051],[0.9713164174616258,-1.8243204156789516],[nan,nan],[5.31819167042094,-3.595195382410423],[1.3005432894020084,1.1902689971257268],[0.24351866857904372,2.148565779046627e-05],[0.24351866857904453,2.1485657790463427e-05],[0.2435186685790456,2.1485657790365466e-05],[-3.563900191751658,-0.005689812821092181],[-12.968592234204683,-20.849525002220222],[1.3005432894019695,1.1902689971257416],[1.300543289401983,1.1902689971257383],[1.3005432894020252,1.1902689971257197],[1.300543289401995,1.1902689971257296],[1.3005432894019844,1.1902689971257407],[1.3005432894020057,1.1902689971257243],[-18.737293047992033,-0.028763803882675416],[32.29174868211757,-23.324020714569567],[-4.070182078832033,15.093869156550241],[-8.345683834489554,7.52699252732125],[-45.517919465686774,14.829225035986628],[16.510876408583986,0.006551822625683338]
[0.9713164174615834,-1.8243204156789907],[0.9713164174614778,-1.824320415679173],[0.9713164174615039,-1.824320415679141],[0.9713164174614756,-1.8243204156791548],[0.9713164174616312,-1.824320415678915],[0.971316417461318,-1.82432041567942],[0.9713164174617303,-1.8243204156787671],[0.9713164174620526,-1.8243204156782646],[0.9713164174614773,-1.8243204156791595],[0.9713164174612315,-1.8243204156795674],[0.9713164174614214,-1.8243204156792425],[0.971316417461548,-1.8243204156790422],[-4.070182048176662,15.0938691597353],[0.24351866857904453,2.1485657790447662e-05],[0.24351866857904572,2.148565779044873e-05],[0.24351866857904403,2.1485657790401736e-05],[0.24351866857904358,2.1485657790503987e-05],[-0.47180732796990943,-0.0009884150952214749],[2.865170354638912,0.005161170182983882],[2.865170354639319,0.0051611701830089765],[1.3005432894019828,1.1902689971257445],[1.3005432894020432,1.1902689971257043],[1.3005432894020137,1.1902689971257117],[1.3005432894020232,1.19026899712572],[12.507703513644095,-5.376938562362933],[3.124493840752346,7.933895038512553],[-2.2089430383745574,4.64216410066809],[-2.208943038384841,4.64216410066556],[-2.2089430383725945,4.642164100668598],[-8.345683830182857,7.526992529264597],[-118.00671387196992,-80.65339660732883]
[0.9713164174613715,-1.8243204156793469],[0.9713164174616631,-1.824320415678901],[0.9713164174614206,-1.824320415679239],[0.971316417461597,-1.8243204156789736],[0.971316417462138,-1.8243204156781385],[0.9713164174613507,-1.8243204156793653],[0.9713164174614585,-1.8243204156792219],[0.9713164174618716,-1.8243204156785757],[0.9713164174615806,-1.824320415679013],[0.9713164174613128,-1.824320415679429],[0.9713164174612603,-1.8243204156795163],[2.865170354639196,0.005161170183021299],[1.3005432894020035,1.1902689971257228],[0.2435186685790443,2.1485657790457424e-05],[0.2435186685790439,2.148565779040174e-05],[0.24351866857904392,2.148565779038981e-05],[0.24351866857904547,2.1485657790449834e-05],[-8.30523465365056,-7.546348858635786],[1.3005432894020057,1.19026899712573],[1.3005432894019682,1.190268997125754],[1.3005432894019595,1.1902689971257547],[1.300543289402003,1.1902689971257232],[1.3005432894019744,1.1902689971257403],[2.8651703546392056,0.0051611701829901175],[-2.2089430383684516,4.642164100669595],[-60.90951913327263,70.10844746868601],[5.318191670418261,-3.5951953824163336],[3.1244938406475127,7.933895038534272],[-2.208943038367654,4.6421641006698],[-2.2089430383451094,4.642164100675345],[39.04045498268646,2.5635358115815086]
[0.9713164174615065,-1.8243204156791242],[0.9713164174613643,-1.8243204156793562],[0.9713164174618748,-1.82432041567851],[0.9713164174614685,-1.824320415679199],[0.9713164174616487,-1.8243204156789221],[0.9713164174613423,-1.8243204156793928],[0.9713164174617301,-1.8243204156787793],[0.9713164174616647,-1.8243204156788975],[0.9713164174618285,-1.8243204156786397],[0.9713164174616136,-1.8243204156789345],[0.9713164174615779,-1.8243204156790023],[14.997989604558224,27.31852726874608],[1.3005432894019706,1.1902689971257487],[-2.222678407647149,-4.666809130899192],[0.24351866857904444,2.148565779044404e-05],[0.2435186685790453,2.1485657790340845e-05],[-0.47180732796990965,-0.0009884150952218693],[1.300543289402047,1.1902689971256974],[1.3005432894019606,1.1902689971257518],[1.3005432894019857,1.1902689971257339],[1.30054328940204,1.1902689971257057],[1.3005432894019753,1.1902689971257454],[1.300543289402006,1.1902689971257285],[-2.2089430383738153,4.642164100668302],[2.865170354639089,0.005161170182981878],[1.300543289402003,1.19026899712573],[1.300543289401977,1.1902689971257452],[1.300543289402034,1.190268997125711],[-21.288547181271195,58.11849658642806],[-2.2089430383879955,4.64216410066479],[-101.01219458653364,100.49668537200553]
[0.9713164174614062,-1.824320415679309],[0.9713164174615017,-1.824320415679107],[0.9713164174613036,-1.824320415679451],[0.9713164174613611,-1.8243204156793547],[0.9713164174616638,-1.8243204156789192],[0.9713164174614713,-1.8243204156792046],[0.971316417461376,-1.8243204156793085],[0.971316417461461,-1.8243204156792028],[0.9713164174617837,-1.8243204156787127],[0.9713164174616173,-1.8243204156789268],[0.9713164174616851,-1.8243204156788517],[71.66315653866697,384.0223510799664],[1.3005432894020192,1.1902689971257125],[2.865170354639141,0.005161170182996042],[-2.2226784076180888,-4.66680913088091],[0.24351866857904536,2.1485657790357416e-05],[-0.47180732796990954,-0.0009884150952216755],[1.3005432894020035,1.190268997125724],[1.3005432894019762,1.19026899712574],[1.3005432894019642,1.1902689971257518],[1.3005432894019802,1.1902689971257427],[1.3005432894020446,1.1902689971257001],[-2.208943038378869,4.642164100667023],[2.8651703546391136,0.005161170182991525],[8.235989293017889,0.011988216169599324],[1.3005432894020035,1.1902689971257334],[1.3005432894019857,1.1902689971257336],[1.300543289401974,1.1902689971257399],[1.3005432894019966,1.1902689971257323],[-9.73190274657074,-0.015112016746754595],[12.858237481198346,3.2492477347635282]
[0.9713164174614123,-1.8243204156792756],[0.9713164174612854,-1.8243204156794754],[0.971316417461424,-1.8243204156792303],[0.9713164174617217,-1.8243204156788015],[0.9713164174616064,-1.8243204156789699],[0.9713164174612685,-1.8243204156794715],[0.9713164174614491,-1.824320415679194],[0.9713164174615048,-1.8243204156791095],[0.971316417462004,-1.8243204156783173],[0.9713164174618795,-1.824320415678504],[0.971316417461631,-1.8243204156789103],[5.670876616042328,2.1731156030585375],[2.865170354639376,0.005161170183014484],[1.3005432894020006,1.190268997125727],[1.300543289401974,1.1902689971257399],[0.24351866857904506,2.1485657790337914e-05],[1.3005432894019548,1.1902689971257479],[1.3005432894020206,1.1902689971257212],[1.3005432894020013,1.1902689971257279],[1.3005432894019888,1.1902689971257416],[1.3005432894020337,1.1902689971257052],[-0.4718073279699115,-0.0009884150952231589],[1.3005432894020221,1.190268997125712],[1.300543289402005,1.1902689971257312],[1.3005432894020255,1.1902689971257243],[1.3005432894019828,1.1902689971257372],[1.3005432894019868,1.1902689971257367],[1.300543289402007,1.190268997125735],[58.032495127283916,17.679541207232464],[-18.73731767043845,-0.0287691181266248],[5.67087661604263,2.1731156030586942]
[0.9713164174615974,-1.824320415678956],[0.971316417461683,-1.8243204156788404],[0.9713164174613751,-1.8243204156793262],[0.9713164174613266,-1.8243204156794033],[0.9713164174617014,-1.8243204156788233],[0.9713164174618663,-1.8243204156785577],[0.9713164174617159,-1.8243204156787827],[0.9713164174614223,-1.8243204156792534],[0.9713164174617792,-1.8243204156786714],[0.9713164174616082,-1.8243204156789639],[1.3005432894019764,1.1902689971257365],[5.670876616041152,2.1731156030601273],[2.8651703546389324,0.00516117018301194],[2.8651703546390195,0.005161170182986804],[2.865170354638979,0.005161170182977834],[-0.47180732796990965,-0.0009884150952210308],[445.76782111395164,-495.7820024413852],[1.3005432894020257,1.1902689971257099],[1.3005432894020188,1.1902689971257256],[1.3005432894019715,1.190268997125745],[2.8651703546392566,0.00516117018300642],[1.3005432894020357,1.1902689971257048],[1.3005432894019735,1.1902689971257443],[1.300543289401971,1.1902689971257492],[1.3005432894019762,1.1902689971257465],[1.3005432894019706,1.1902689971257474],[1.300543289401956,1.1902689971257465],[-65.34262020682046,50.47024561798587],[-0.4718073279699105,-0.0009884150952222531],[2.865170354639075,0.005161170183003837],[3.1244938406651976,7.933895038530664]
[-2.222678407589401,-4.666809130863212],[-2.22267840758487,-4.6668091308601065],[-2.2226784076163115,-4.66680913087944],[0.9713164174617472,-1.8243204156787804],[0.9713164174617095,-1.824320415678808],[0.9713164174616354,-1.8243204156789103],[0.9713164174613996,-1.8243204156793242],[-12.968589985413592,-20.84952375741987],[12.858237481202462,3.249247734714399],[2.089291186368008,-9.339887242815049],[0.24351866857904422,2.1485657790400225e-05],[2.865170354638985,0.005161170182995387],[2.8651703546391625,0.005161170182990117],[2.8651703546392064,0.0051611701830018095],[2.865170354639081,0.005161170183021211],[8.235989293016205,0.011988216168794055],[nan,nan],[8.235989293007258,0.01198821616914032],[121.96191444072993,-85.50297302379529],[2.865170354638997,0.005161170183012091],[1.3005432894019713,1.1902689971257452],[1.3005432894020115,1.1902689971257217],[1.3005432894020192,1.1902689971257194],[1.3005432894019746,1.1902689971257472],[1.300543289402015,1.1902689971257143],[1.3005432894020328,1.190268997125717],[1.3005432894019813,1.190268997125745],[-3.5639001917527646,-0.005689812821384497],[-33.35137301841304,-14.272606046047779],[-0.47180732796991093,-0.0009884150952228403],[5.670876616041745,2.1731156030583745]
[2.8651703546392384,0.005161170183011342],[2.865170354639259,0.005161170183002894],[2.865170354639169,0.005161170183012374],[2.865170354639137,0.005161170182997699],[2.865170354639142,0.005161170183012326],[23.08679447015422,4.194117785289333],[2.8651703546390346,0.00516117018299438],[2.865170354639049,0.005161170182988618],[2.8651703546389404,0.005161170182972468],[2.865170354639039,0.005161170183028876],[0.9713164174612445,-1.8243204156795778],[2.8651703546391127,0.005161170183028776],[2.8651703546390577,0.0051611701829990305],[2.8651703546390177,0.005161170182980908],[2.865170354639061,0.005161170182979802],[2.8651703546391496,0.00516117018301617],[2.865170354639055,0.005161170182999781],[2.86517035463919,0.005161170182991529],[2.8651703546389875,0.00516117018301269],[2.865170354639069,0.005161170183021398],[1.3005432894019964,1.1902689971257359],[1.3005432894019893,1.1902689971257343],[1.3005432894020372,1.1902689971257052],[1.3005432894019577,1.190268997125749],[1.300543289401974,1.190268997125743],[1.3005432894020394,1.190268997125703],[1.300543289401966,1.1902689971257483],[-9.731902746500921,-0.01511201680218931],[-581.0500877420445,-151.17437027344474],[5.3181916704185825,-3.595195382417796],[5.670876616043051,2.173115603058542]
[2.8651703546393055,0.005161170183005139],[2.865170354638947,0.005161170183010866],[2.865170354639172,0.0051611701829918895],[5.670876616042329,2.1731156030577936],[-3.563900191752337,-0.005689812821296541],[1.300543289401979,1.1902689971257423],[2.8651703546390417,0.005161170182979768],[2.8651703546390257,0.005161170182998727],[2.8651703546391354,0.005161170182983365],[2.865170354639147,0.005161170183000897],[1.300543289401975,1.1902689971257483],[2.865170354639381,0.005161170182984869],[2.865170354638932,0.005161170182989467],[2.865170354639193,0.005161170183020273],[2.8651703546390377,0.00516117018301151],[2.865170354639182,0.005161170182987747],[2.865170354639117,0.005161170183012835],[2.8651703546392557,0.00516117018300839],[2.8651703546391225,0.005161170182985031],[2.8651703546392864,0.005161170183017084],[1.3005432894019973,1.1902689971257292],[1.300543289401977,1.1902689971257416],[1.3005432894019755,1.1902689971257383],[1.300543289402011,1.1902689971257223],[33.95222982640099,19.429781183701646],[-0.47180732796990943,-0.0009884150952218823],[-3.5639001917527615,-0.00568981282145144],[33.03750655407107,7.744932852085603],[12.507703514769837,-5.3769385569666435],[8.235989293018346,0.0119882161696144],[5.670876616042971,2.173115603057947]
[5.670876616043256,2.173115603057936],[132.0518941985219,76.87185653547513],[5.6708766160429,2.173115603057787],[1.3005432894019926,1.1902689971257367],[0.24351866857904422,2.148565779044788e-05],[-0.4718073279699107,-0.000988415095222793],[2.865170354639259,0.005161170182987484],[2.8651703546391913,0.005161170183004827],[2.8651703546391993,0.005161170182999142],[8.235989293008474,0.011988216169743621],[-2.2089430383711686,4.642164100668946],[2.865170354639099,0.0051611701830180864],[2.865170354639064,0.005161170182981985],[2.8651703546394303,0.005161170182970123],[2.8651703546392824,0.005161170182994226],[2.865170354639113,0.0051611701830087285],[2.8651703546392455,0.005161170182982559],[2.865170354639217,0.005161170183008417],[2.8651703546391705,0.005161170182999657],[2.8651703546390728,0.005161170182991177],[-2.2089430383625617,4.642164100671062],[1.300543289401967,1.1902689971257434],[1.300543289401985,1.1902689971257363],[0.24351866857904358,2.1485657790485416e-05],[-0.4718073279699074,-0.0009884150952197404],[-3.563900191752645,-0.005689812821710893],[nan,nan],[10.319057048174743,11.872500006512608],[9.283278712438062,-14.001211535853809],[5.670876616042743,2.17311560305899],[5.670876616043031,2.1731156030581436]
[5.3181916704109256,-3.5951953824415113],[-8.34568383272968,7.526992528116475],[nan,nan],[1.3005432894020137,1.1902689971257225],[1.3005432894020197,1.1902689971257239],[2.865170354639259,0.0051611701829840095],[2.865170354639104,0.005161170182994395],[2.8651703546391873,0.005161170183009701],[5.670876616042755,2.173115603057748],[-9.731902746551539,-0.015112016745224988],[0.24351866857904358,2.1485657790527023e-05],[2.8651703546392144,0.005161170182977627],[2.865170354638943,0.005161170182974108],[2.865170354638814,0.00516117018300773],[2.8651703546395297,0.005161170182977666],[2.865170354639347,0.005161170183011288],[2.8651703546391865,0.005161170183007753],[2.8651703546392464,0.0051611701829955585],[2.865170354638921,0.005161170182993516],[2.8651703546390186,0.005161170183020011],[1.3005432894019893,1.1902689971257343],[1.3005432894019817,1.1902689971257423],[0.24351866857904472,2.148565779034109e-05],[-0.47180732796990926,-0.0009884150952214135],[-0.4718073279699128,-0.000988415095224413],[nan,nan],[12.858237481186558,3.2492477346980952],[5.670876616041473,2.1731156030590166],[8.235989293030256,0.011988216169549995],[5.67087661604241,2.173115603058278],[5.670876616041916,2.1731156030588212]
[5.318191670409875,-3.5951953824458682],[12.507703513872244,-5.376938561287185],[113.39292384872087,-106.8395725992231],[-2.2089430383689357,4.642164100669489],[1.3005432894020366,1.190268997125701],[1.3005432894020184,1.1902689971257268],[5.670876616042945,2.1731156030592307],[5.670876616042309,2.1731156030581027],[37.28896726335527,-54.99364711119697],[1.3005432894019964,1.1902689971257336],[1.3005432894019708,1.1902689971257419],[2.8651703546390195,0.0051611701829714874],[2.8651703546391514,0.005161170182985246],[2.8651703546389853,0.005161170182985416],[2.8651703546390883,0.005161170182990236],[2.8651703546389466,0.005161170182993806],[2.8651703546389906,0.005161170182984734],[2.865170354638947,0.0051611701830052105],[2.865170354638853,0.005161170182998045],[2.8651703546390688,0.005161170183004417],[33.952229633888784,19.429781296993117],[-0.4718073279699096,-0.0009884150952218442],[0.24351866857904364,2.148565779043425e-05],[-0.4718073279699099,-0.0009884150952216223],[nan,nan],[10.319057046846721,11.872500007003422],[5.670876616042265,2.173115603058848],[3.124493840805967,7.933895038501437],[5.67087661604192,2.1731156030576475],[5.670876616042433,2.1731156030582937],[5.670876616042039,2.173115603058249]
[5.318191670419456,-3.5951953824160063],[2.0892911852597003,-9.33988724417784],[16.510876408680183,0.0065518226307318],[-22.67362844303346,49.2433198747995],[3.1244938408082246,7.9338950385009275],[4.904964429456268,20.50614072679487],[83.68843174582726,10.198177918219821],[8.2359892930096,0.011988216168736267],[-80.50935474914861,36.497732434061255],[1.3005432894020112,1.1902689971257265],[-2.208943038373675,4.64216410066832],[2.865170354638963,0.005161170183010739],[2.865170354639075,0.005161170182989009],[2.8651703546390173,0.005161170183005361],[2.8651703546389307,0.005161170182996423],[2.8651703546392455,0.005161170183007512],[2.8651703546393543,0.005161170182981747],[2.8651703546390945,0.005161170182998422],[2.8651703546390292,0.005161170182972237],[2.8651703546391305,0.005161170183007702],[1.3005432894020084,1.1902689971257232],[0.9713164174620073,-1.8243204156783237],[12.858237481194775,3.2492477347547917],[-17.283726757288886,-10.43777848714291],[10.319057047242882,11.872500006856441],[5.670876616041715,2.17311560305842],[3.1244938407225007,7.933895038518764],[5.67087661604172,2.1731156030601695],[5.670876616041467,2.173115603059772],[5.670876616042163,2.173115603058449],[5.670876616042949,2.1731156030578234]
[5.318191670417683,-3.595195382419167],[5.318191670406442,-3.5951953824561627],[5.318191670411704,-3.595195382438137],[5.318191670413581,-3.5951953824327187],[-4.0002545342713445,-15.088700524175463],[5.318191670408846,-3.5951953824486202],[5.318191670408957,-3.5951953824463736],[12.507703514618155,-5.376938557687019],[-2.2089430383723356,4.642164100668654],[1.3005432894020226,1.1902689971257152],[2.8651703546393423,0.00516117018298374],[2.86517035463909,0.0051611701829746654],[2.8651703546389515,0.0051611701830003055],[2.8651703546389737,0.005161170183005831],[2.8651703546392535,0.005161170183000793],[2.8651703546392717,0.0051611701830001945],[2.8651703546391296,0.005161170182996599],[2.8651703546389795,0.00516117018297201],[2.8651703546390346,0.00516117018298526],[2.8651703546392286,0.005161170182987385],[0.9713164174620906,-1.8243204156781883],[-2.222678407631562,-4.666809130889146],[-13.532062066456472,-58.14345595101543],[10.31905704826095,11.8725000064793],[0.24351866857904397,2.1485657790446883e-05],[5.670876616041592,2.1731156030587986],[8.235989293031931,0.01198821616950171],[5.67087661604184,2.1731156030590273],[5.670876616043377,2.173115603058647],[5.670876616043705,2.1731156030567598],[5.6708766160416095,2.173115603058359]
